{
  "탭": "경찰서",
  "섹션": [
    {
      "제목": "공소권이 없는 사고(일반교통사고)",
      "절차": [
        {
          "step": "01",
          "title": "사고접수",
          "details": [
            "국번없이 112로 신고"
          ]
        },
        {
          "step": "02",
          "title": "사고현장 검증/원인 조사",
          "details": [
            "주요 위반사항에 대한 경찰 조사",
            "12개 항, 인사사고 해당 유무 조사"
          ]
        },
        {
          "step": "03",
          "title": "가해자/피해자 조사",
          "details": [
            "가해자의 경우 진술서, 합의서(또는 보험가입사실증명원)를 제출하고 스티커 수령",
            "피해자의 경우 진술서, 진단서 및 견적서 제출"
          ],
          "비고": [
            "보험처리/합의"
          ]
        },
        {
          "step": "04",
          "title": "사고운전자 귀가",
          "details": []
        }
      ]
    },
    {
      "제목": "공소권이 있는 사고(보험 미가입/미합의/도주/사망/중과실/인사사고)",
      "절차": [
        {
          "step": "01",
          "title": "사고접수",
          "details": [
            "국번없이 112로 신고"
          ]
        },
        {
          "step": "02",
          "title": "사고현장 검증/원인 조사",
          "details": [
            "주요 위반사항에 대한 경찰 조사",
            "12개 항, 인사사고 해당 유무 조사"
          ]
        },
        {
          "step": "03",
          "title": "가해자/피해자 조사",
          "details": [
            "가해자의 경우 진술서, 보험가입사실증명원을 제출하고 스티커 수령",
            "피해자의 경우 진술서, 진단서 및 견적서 제출"
          ]
        },
        {
          "step": "04",
          "title": "영장/지휘청구",
          "details": [
            "지휘결과에 따라 가해자 구속수사 또는 불구속입건",
            "가해자 구속수사 시 유치장수감, 불구속 입건 시 귀가 처리"
          ]
        },
        {
          "step": "05",
          "title": "법정판결",
          "details": [
            "판결 결과에 따라 벌금, 금고, 징역, 집행유예 처분"
          ]
        }
      ]
    }
  ],
  "보험회사": {
    "절차": [
      {
        "step": "01",
        "title": "사고접수",
        "details": []
      },
      {
        "step": "02",
        "title": "담당자 배정",
        "details": []
      },
      {
        "step": "03",
        "title": "사고내용 확인",
        "details": []
      },
      {
        "step": "04",
        "title": "피해자(물) 관리",
        "details": [
          "소송업무 대행"
        ]
      },
      {
        "step": "05",
        "title": "보험금 결정/지급",
        "details": []
      }
    ]
  },
  "피해물": {
    "절차": [
      {
        "step": "01",
        "title": "교통사고 현장",
        "details": [
          "자력으로 이동 또는 견인"
        ]
      },
      {
        "step": "02",
        "title": "정비공장 입고",
        "details": [
          "자동차 수리/정비 견적 (부품, 수리공임, 유리, 기타)",
          "정비공장은 자동차 소유주가 결정"
        ]
      },
      {
        "step": "03",
        "title": "수리착수 대기",
        "details": [
          "자동차 소유자와 보험회사가 견적 확인"
        ]
      },
      {
        "step": "04",
        "title": "수리착수",
        "details": [
          "자동차 소유자와 보험회사가 수리착수 승인"
        ]
      },
      {
        "step": "05",
        "title": "출고",
        "details": [
          "수리과정 확인 후 출고"
        ]
      }
    ]
  },
  "피해자": {
    "절차": [
      {
        "step": "01",
        "title": "교통사고 현장",
        "details": []
      },
      {
        "step": "02",
        "title": "병원후송",
        "details": []
      },
      {
        "step": "03",
        "title": "진료방법 결정",
        "details": [
          "경찰서에 신고된 경우 진단서를 발급 받아 제출",
          "하나손해보험이 치료비 지급 보증"
        ]
      },
      {
        "step": "04",
        "title": "치료",
        "details": [
          "결정된 진료 방법에 따라 통원/입원 치료",
          "보험사 보상직원 연담/합의"
        ]
      }
    ]
  },
  "출처": "https://www.hanainsure.co.kr/w/claim/rewardGuide/accidentPlace"
}